path,label
data\20251031-122545-7fc919-L0.npz,0
data\20251031-122546-a8c0ab-L0.npz,0
data\20251031-122547-6aab31-L0.npz,0
data\20251031-122559-15511a-L0.npz,0
data\20251031-122559-2f710a-L0.npz,0
data\20251031-122600-b642c6-L0.npz,0
data\20251031-122600-e82de8-L0.npz,0
data\20251031-122600-a544b2-L0.npz,0
data\20251031-122601-602540-L0.npz,0
data\20251031-122601-8d1367-L0.npz,0
data\20251031-122602-6a5a5d-L0.npz,0
data\20251031-122602-852c2a-L0.npz,0
data\20251031-122602-8439fd-L0.npz,0
data\20251031-122603-c17ed3-L0.npz,0
data\20251031-122603-dcf770-L0.npz,0
data\20251031-122603-1bef6c-L0.npz,0
data\20251031-122603-35a1e9-L0.npz,0
data\20251031-122605-8509b1-L0.npz,0
data\20251031-122614-2dead8-L0.npz,0
data\20251031-122614-e28367-L0.npz,0
data\20251031-122622-a779f5-L1.npz,1
data\20251031-122623-64d209-L1.npz,1
data\20251031-122624-f3dd12-L1.npz,1
data\20251031-122624-9728f1-L1.npz,1
data\20251031-122625-e9c60e-L1.npz,1
data\20251031-122626-50af1e-L1.npz,1
data\20251031-122627-b779db-L1.npz,1
data\20251031-122628-517227-L1.npz,1
data\20251031-122629-9d86ba-L1.npz,1
data\20251031-122629-870ef6-L1.npz,1
data\20251031-122630-cb1394-L1.npz,1
data\20251031-122631-80f111-L1.npz,1
data\20251031-122632-d326e1-L1.npz,1
data\20251031-122633-72f030-L1.npz,1
data\20251031-122634-b625ff-L1.npz,1
data\20251031-122640-a8ba98-L1.npz,1
data\20251031-122640-276d6c-L1.npz,1
data\20251031-122641-4c2a18-L1.npz,1
data\20251031-122642-66e11a-L1.npz,1
data\20251031-122643-28222b-L1.npz,1
data\20251031-122644-46fac5-L1.npz,1
data\20251031-122644-b94265-L1.npz,1
data\20251031-122645-8d72c1-L1.npz,1
data\20251031-122646-ef6422-L1.npz,1
data\20251031-122647-8bfa3e-L1.npz,1
data\20251031-122838-26b108-L2.npz,2
data\20251031-122838-8973f5-L2.npz,2
data\20251031-122839-65087b-L2.npz,2
data\20251031-122840-86a8c2-L2.npz,2
data\20251031-122840-86b09d-L2.npz,2
data\20251031-122841-07427a-L2.npz,2
data\20251031-122842-da624e-L2.npz,2
data\20251031-122842-67503d-L2.npz,2
data\20251031-122843-3c36ae-L2.npz,2
data\20251031-122843-afd509-L2.npz,2
data\20251031-122844-27888a-L2.npz,2
data\20251031-122845-e67edf-L2.npz,2
data\20251031-122846-ce8716-L2.npz,2
data\20251031-122846-7bd12c-L2.npz,2
data\20251031-122847-c57046-L2.npz,2
data\20251031-122850-e294cd-L2.npz,2
data\20251031-122851-e4526a-L2.npz,2
data\20251031-122852-3fb746-L2.npz,2
data\20251031-122852-134de9-L2.npz,2
data\20251031-122853-1db785-L2.npz,2
data\20251031-122854-5e7007-L2.npz,2
data\20251031-122854-c4249e-L2.npz,2
data\20251031-122855-3067fd-L2.npz,2
data\20251031-122856-63e87c-L2.npz,2
data\20251031-122857-8e6edc-L2.npz,2
data\20251031-122857-dae6eb-L2.npz,2
data\20251031-122858-add491-L2.npz,2
data\20251031-122859-2a0c69-L2.npz,2
data\20251031-122859-9c9b89-L2.npz,2
data\20251031-122900-75cdcd-L2.npz,2
data\20251031-122901-486766-L2.npz,2
data\20251031-122901-6c5545-L2.npz,2
data\20251031-122902-ff413a-L2.npz,2
data\20251031-122903-fada66-L2.npz,2
data\20251031-122918-f095f0-L3.npz,3
data\20251031-122919-048fc2-L3.npz,3
data\20251031-122920-2fe894-L3.npz,3
data\20251031-122920-cd93e9-L3.npz,3
data\20251031-122921-1a3939-L3.npz,3
data\20251031-122922-2dbf72-L3.npz,3
data\20251031-122922-f5cda0-L3.npz,3
data\20251031-122923-12f6e3-L3.npz,3
data\20251031-122924-b3fbf6-L3.npz,3
data\20251031-122924-e1755e-L3.npz,3
data\20251031-122925-51833a-L3.npz,3
data\20251031-122925-5484b0-L3.npz,3
data\20251031-122926-c44aec-L3.npz,3
data\20251031-122926-a85c67-L3.npz,3
data\20251031-122927-ac1cc9-L3.npz,3
data\20251031-122927-11ed03-L3.npz,3
data\20251031-122932-86f33a-L3.npz,3
data\20251031-122933-7937da-L3.npz,3
data\20251031-122933-92758b-L3.npz,3
data\20251031-122934-ea9e94-L3.npz,3
data\20251031-122935-8904fd-L3.npz,3
data\20251031-122935-f55959-L3.npz,3
data\20251031-122936-bd2ff6-L3.npz,3
data\20251031-122936-2f5b4f-L3.npz,3
data\20251031-122937-536858-L3.npz,3
data\20251031-122938-3b1ac3-L3.npz,3
data\20251031-122939-f61bd0-L3.npz,3
data\20251031-122939-175a78-L3.npz,3
data\20251031-122940-e0635d-L3.npz,3
data\20251031-122940-a8448f-L3.npz,3
data\20251031-122941-03145f-L3.npz,3
data\20251031-122942-156f76-L3.npz,3
data\20251031-122942-a47912-L3.npz,3
data\20251031-122943-74ca7a-L3.npz,3
data\20251031-122944-24af9f-L3.npz,3
data\20251031-122944-4ddcf7-L3.npz,3
data\20251031-123301-e29ac0-L4.npz,4
data\20251031-123303-5709f3-L4.npz,4
data\20251031-123303-7c5487-L4.npz,4
data\20251031-123304-0107e9-L4.npz,4
data\20251031-123305-c18784-L4.npz,4
data\20251031-123306-5cf803-L4.npz,4
data\20251031-123307-0fce1f-L4.npz,4
data\20251031-123307-c813ef-L4.npz,4
data\20251031-123308-1f292a-L4.npz,4
data\20251031-123309-60c41a-L4.npz,4
data\20251031-123309-0d7c1a-L4.npz,4
data\20251031-123310-b8704b-L4.npz,4
data\20251031-123311-f4f41b-L4.npz,4
data\20251031-123311-c54f7d-L4.npz,4
data\20251031-123321-8bc98d-L4.npz,4
data\20251031-123321-04db52-L4.npz,4
data\20251031-123322-f99690-L4.npz,4
data\20251031-123323-2d1bcd-L4.npz,4
data\20251031-123323-888346-L4.npz,4
data\20251031-123324-5c3fd3-L4.npz,4
data\20251031-123325-ac398d-L4.npz,4
data\20251031-123326-fa7004-L4.npz,4
data\20251031-123327-e37e1f-L4.npz,4
data\20251031-123327-7ccc35-L4.npz,4
data\20251031-123328-f6d583-L4.npz,4
data\20251031-123329-c76308-L4.npz,4
data\20251031-123330-510520-L4.npz,4
data\20251031-123330-90a11a-L4.npz,4
data\20251031-123331-eee305-L4.npz,4
data\20251031-123332-b3a19a-L4.npz,4
data\20251031-123332-e0653d-L4.npz,4
data\20251031-123333-f5be46-L4.npz,4
data\20251031-123334-a6171c-L4.npz,4
data\20251031-123357-21277d-L5.npz,5
data\20251031-123358-b3e849-L5.npz,5
data\20251031-123359-513fa2-L5.npz,5
data\20251031-123359-69e23b-L5.npz,5
data\20251031-123400-1af49d-L5.npz,5
data\20251031-123400-8025e6-L5.npz,5
data\20251031-123401-845b90-L5.npz,5
data\20251031-123401-ca8e35-L5.npz,5
data\20251031-123402-35bd1e-L5.npz,5
data\20251031-123403-885838-L5.npz,5
data\20251031-123403-8b9ddc-L5.npz,5
data\20251031-123408-5a8840-L5.npz,5
data\20251031-123408-f8dca8-L5.npz,5
data\20251031-123409-e19d0b-L5.npz,5
data\20251031-123409-0c1976-L5.npz,5
data\20251031-123410-a1d259-L5.npz,5
data\20251031-123410-883d3e-L5.npz,5
data\20251031-123411-f8886f-L5.npz,5
data\20251031-123411-c63164-L5.npz,5
data\20251031-123412-323b37-L5.npz,5
data\20251031-123413-bb718c-L5.npz,5
data\20251031-123413-c50801-L5.npz,5
data\20251031-123414-4e9512-L5.npz,5
data\20251031-123415-e66af7-L5.npz,5
data\20251031-123416-af4ac6-L5.npz,5
data\20251031-123422-2fd97f-L6.npz,6
data\20251031-123423-d1b90b-L6.npz,6
data\20251031-123424-a89def-L6.npz,6
data\20251031-123424-442bc2-L6.npz,6
data\20251031-123425-f161f3-L6.npz,6
data\20251031-123426-86a36a-L6.npz,6
data\20251031-123426-9f9d7f-L6.npz,6
data\20251031-123427-b52d88-L6.npz,6
data\20251031-123427-e9aa40-L6.npz,6
data\20251031-123428-276ec8-L6.npz,6
data\20251031-123428-077616-L6.npz,6
data\20251031-123431-6efea9-L6.npz,6
data\20251031-123432-8ec60d-L6.npz,6
data\20251031-123432-f4f678-L6.npz,6
data\20251031-123433-311b58-L6.npz,6
data\20251031-123434-7ba4d8-L6.npz,6
data\20251031-123434-a61c0b-L6.npz,6
data\20251031-123435-0cb345-L6.npz,6
data\20251031-123435-8d97d9-L6.npz,6
data\20251031-123436-d96af1-L6.npz,6
data\20251031-123437-b03726-L6.npz,6
data\20251031-123439-4dc605-L6.npz,6
data\20251031-123551-5af87b-L7.npz,7
data\20251031-123552-f0c156-L7.npz,7
data\20251031-123554-c98127-L7.npz,7
data\20251031-123555-a4be2c-L7.npz,7
data\20251031-123556-a680a5-L7.npz,7
data\20251031-123558-de8100-L7.npz,7
data\20251031-123559-9d5166-L7.npz,7
data\20251031-123600-f4510c-L7.npz,7
data\20251031-123603-c6124b-L7.npz,7
data\20251031-123604-732c00-L7.npz,7
data\20251031-123605-cd2e44-L7.npz,7
data\20251031-123607-d19117-L7.npz,7
data\20251031-123608-ceaeb7-L7.npz,7
data\20251031-123610-d81f3c-L7.npz,7
data\20251031-123611-2cbd81-L7.npz,7
data\20251031-123612-646a10-L7.npz,7
data\20251031-123614-aa62e3-L7.npz,7
data\20251031-123615-d1d3a0-L7.npz,7
data\20251031-123617-553207-L7.npz,7
data\20251031-123618-bbefa5-L7.npz,7
data\20251031-123632-0d8e91-L8.npz,8
data\20251031-123636-7ff297-L8.npz,8
data\20251031-123641-3fdd6a-L8.npz,8
data\20251031-123644-ab29f8-L8.npz,8
data\20251031-123648-3bde69-L8.npz,8
data\20251031-123659-666c05-L8.npz,8
data\20251031-123702-b3c892-L8.npz,8
data\20251031-123708-659592-L8.npz,8
data\20251031-123711-4d5170-L8.npz,8
data\20251031-123715-8e048b-L8.npz,8
data\20251031-123720-88ca98-L8.npz,8
data\20251031-123723-ea6602-L8.npz,8
data\20251031-123727-3245cb-L8.npz,8
data\20251031-123730-e2a4d9-L8.npz,8
data\20251031-123743-fd4293-L8.npz,8
data\20251031-123749-b7962b-L8.npz,8
data\20251031-123753-dde062-L8.npz,8
data\20251031-123757-ef4bd3-L8.npz,8
data\20251031-123808-efbd2a-L8.npz,8
data\20251031-123812-9f3c54-L8.npz,8
data\20251031-123815-c1d011-L8.npz,8
data\20251031-123819-2a7c61-L8.npz,8
data\20251031-123822-23ea8e-L8.npz,8
data\20251031-123826-627d40-L8.npz,8
data\20251031-123838-3f266a-L8.npz,8
data\20251031-123842-f31caa-L8.npz,8
data\20251031-123847-b9c30b-L8.npz,8
data\20251031-124342-f99a4e-L9.npz,9
data\20251031-124345-ad0d38-L9.npz,9
